Workbook

Sheet AP50
A1: 類別 | B1: v3（舊機器，舊驗證集） | C1: n 640 | D1: s 640 | E1: n 960 | F1: 新三組 最低 | G1: 新三組 最高 | H1: 新三組 差距（最高-最低） | I1: 新三組 平均 | J1: n 640 相對 v3 的變化
A2: botanical_joints | B2: 0.863 | C2: 0.796 | D2: 0.644 | E2: 0.814 | F2: =MIN(C2:E2) | G2: =MAX(C2:E2) | H2: =G2-F2 | I2: =AVERAGE(C2:E2) | J2: =C2-B2
A3: cannabis_like_herbal | B3: 0.478 | C3: 0.668 | D3: 0.38 | E3: 0.447 | F3: =MIN(C3:E3) | G3: =MAX(C3:E3) | H3: =G3-F3 | I3: =AVERAGE(C3:E3) | J3: =C3-B3
A4: cannabis_logo | B4: 0.884 | C4: 0.929 | D4: 0.957 | E4: 0.975 | F4: =MIN(C4:E4) | G4: =MAX(C4:E4) | H4: =G4-F4 | I4: =AVERAGE(C4:E4) | J4: =C4-B4
A5: digital_scale | B5: 0.827 | C5: 0.845 | D5: 0.928 | E5: 0.849 | F5: =MIN(C5:E5) | G5: =MAX(C5:E5) | H5: =G5-F5 | I5: =AVERAGE(C5:E5) | J5: =C5-B5
A6: drug_edible | B6: 0.646 | C6: 0.366 | D6: 0.448 | E6: 0.718 | F6: =MIN(C6:E6) | G6: =MAX(C6:E6) | H6: =G6-F6 | I6: =AVERAGE(C6:E6) | J6: =C6-B6
A7: illicit_packaging | B7: 0.785 | C7: 0.958 | D7: 0.987 | E7: 0.988 | F7: =MIN(C7:E7) | G7: =MAX(C7:E7) | H7: =G7-F7 | I7: =AVERAGE(C7:E7) | J7: =C7-B7
A8: magic_mushroom | B8: 0.566 | C8: 0.457 | D8: 0.481 | E8: 0.462 | F8: =MIN(C8:E8) | G8: =MAX(C8:E8) | H8: =G8-F8 | I8: =AVERAGE(C8:E8) | J8: =C8-B8
A9: pills_capsules | B9: 0.963 | C9: 0.965 | D9: 0.966 | E9: 0.972 | F9: =MIN(C9:E9) | G9: =MAX(C9:E9) | H9: =G9-F9 | I9: =AVERAGE(C9:E9) | J9: =C9-B9
A10: pills_tablets | B10: 0.42 | C10: 0.678 | D10: 0.395 | E10: 0.365 | F10: =MIN(C10:E10) | G10: =MAX(C10:E10) | H10: =G10-F10 | I10: =AVERAGE(C10:E10) | J10: =C10-B10
A11: substance_crystal | B11: 0.17 | C11: 0.581 | D11: 0.479 | E11: 0.677 | F11: =MIN(C11:E11) | G11: =MAX(C11:E11) | H11: =G11-F11 | I11: =AVERAGE(C11:E11) | J11: =C11-B11
A12: substance_powder | B12: 0.517 | C12: 0.584 | D12: 0.668 | E12: 0.63 | F12: =MIN(C12:E12) | G12: =MAX(C12:E12) | H12: =G12-F12 | I12: =AVERAGE(C12:E12) | J12: =C12-B12
A13: syringe | B13: 0.364 | C13: 0.405 | D13: 0.616 | E13: 0.558 | F13: =MIN(C13:E13) | G13: =MAX(C13:E13) | H13: =G13-F13 | I13: =AVERAGE(C13:E13) | J13: =C13-B13
... A16: ziplock_bag | B16: 0.55 | C16: 0.828 | D16: 0.859 | E16: 0.808 | F16: =MIN(C16:E16) | G16: =MAX(C16:E16) | H16: =G16-F16 | I16: =AVERAGE(C16:E16) | J16: =C16-B16
A17: 各類別平均 | B17: =AVERAGE(B2:B16) | C17: =AVERAGE(C2:C16) | D17: =AVERAGE(D2:D16) | E17: =AVERAGE(E2:E16)
A18: 整體 AP50（回報值） | B18: ='整體指標'!B11 | C18: ='整體指標'!C11 | D18: ='整體指標'!D11 | E18: ='整體指標'!E11
A19: 平均與回報值的差（核對用） | B19: =B17-B18 | C19: =C17-C18 | D19: =D17-D18 | E19: =E17-E18
A21: 數字來源：各模型 best.pt 在驗證集上重新驗證得到的 per-class AP50。藍字為輸入數據，黑字為公式，綠字為連到「整體指標」工作表。
A22: v3 欄是舊機器（RTX 3050）訓練的模型，在舊驗證集（152 張 / 834 框）上的結果；其餘三欄是新主機（RTX 4070）訓練的模型，在新驗證集（150 張 / 740 框）上的結果，兩邊驗證集不完全相同，僅供參考。
A23: 「差距」欄橘色標示 ≥ 0.25：同一類別在三組實驗之間擺動很大，代表驗證集太小造成雜訊，單一類別的高低不宜當作模型好壞的證據。
A24: 「各類別平均」應與整體回報值非常接近（差在 0.001 內是四捨五入造成），若差距很大代表有類別漏填。

Sheet AP50-95
A1: 類別 | B1: v3（舊機器，舊驗證集） | C1: n 640 | D1: s 640 | E1: n 960 | F1: 新三組 最低 | G1: 新三組 最高 | H1: 新三組 差距（最高-最低） | I1: 新三組 平均 | J1: n 640 相對 v3 的變化
A2: botanical_joints | B2: 0.719 | C2: 0.639 | D2: 0.559 | E2: 0.664 | F2: =MIN(C2:E2) | G2: =MAX(C2:E2) | H2: =G2-F2 | I2: =AVERAGE(C2:E2) | J2: =C2-B2
A3: cannabis_like_herbal | B3: 0.277 | C3: 0.364 | D3: 0.245 | E3: 0.261 | F3: =MIN(C3:E3) | G3: =MAX(C3:E3) | H3: =G3-F3 | I3: =AVERAGE(C3:E3) | J3: =C3-B3
A4: cannabis_logo | B4: 0.672 | C4: 0.687 | D4: 0.707 | E4: 0.758 | F4: =MIN(C4:E4) | G4: =MAX(C4:E4) | H4: =G4-F4 | I4: =AVERAGE(C4:E4) | J4: =C4-B4
A5: digital_scale | B5: 0.589 | C5: 0.619 | D5: 0.704 | E5: 0.576 | F5: =MIN(C5:E5) | G5: =MAX(C5:E5) | H5: =G5-F5 | I5: =AVERAGE(C5:E5) | J5: =C5-B5
A6: drug_edible | B6: 0.449 | C6: 0.253 | D6: 0.359 | E6: 0.58 | F6: =MIN(C6:E6) | G6: =MAX(C6:E6) | H6: =G6-F6 | I6: =AVERAGE(C6:E6) | J6: =C6-B6
A7: illicit_packaging | B7: 0.712 | C7: 0.949 | D7: 0.981 | E7: 0.884 | F7: =MIN(C7:E7) | G7: =MAX(C7:E7) | H7: =G7-F7 | I7: =AVERAGE(C7:E7) | J7: =C7-B7
A8: magic_mushroom | B8: 0.294 | C8: 0.248 | D8: 0.279 | E8: 0.244 | F8: =MIN(C8:E8) | G8: =MAX(C8:E8) | H8: =G8-F8 | I8: =AVERAGE(C8:E8) | J8: =C8-B8
A9: pills_capsules | B9: 0.738 | C9: 0.755 | D9: 0.757 | E9: 0.764 | F9: =MIN(C9:E9) | G9: =MAX(C9:E9) | H9: =G9-F9 | I9: =AVERAGE(C9:E9) | J9: =C9-B9
A10: pills_tablets | B10: 0.391 | C10: 0.588 | D10: 0.305 | E10: 0.285 | F10: =MIN(C10:E10) | G10: =MAX(C10:E10) | H10: =G10-F10 | I10: =AVERAGE(C10:E10) | J10: =C10-B10
A11: substance_crystal | B11: 0.134 | C11: 0.538 | D11: 0.388 | E11: 0.5 | F11: =MIN(C11:E11) | G11: =MAX(C11:E11) | H11: =G11-F11 | I11: =AVERAGE(C11:E11) | J11: =C11-B11
A12: substance_powder | B12: 0.38 | C12: 0.438 | D12: 0.526 | E12: 0.492 | F12: =MIN(C12:E12) | G12: =MAX(C12:E12) | H12: =G12-F12 | I12: =AVERAGE(C12:E12) | J12: =C12-B12
A13: syringe | B13: 0.163 | C13: 0.218 | D13: 0.431 | E13: 0.257 | F13: =MIN(C13:E13) | G13: =MAX(C13:E13) | H13: =G13-F13 | I13: =AVERAGE(C13:E13) | J13: =C13-B13
... A16: ziplock_bag | B16: 0.475 | C16: 0.708 | D16: 0.77 | E16: 0.69 | F16: =MIN(C16:E16) | G16: =MAX(C16:E16) | H16: =G16-F16 | I16: =AVERAGE(C16:E16) | J16: =C16-B16
A17: 各類別平均 | B17: =AVERAGE(B2:B16) | C17: =AVERAGE(C2:C16) | D17: =AVERAGE(D2:D16) | E17: =AVERAGE(E2:E16)
A18: 整體 AP50-95（回報值） | B18: ='整體指標'!B12 | C18: ='整體指標'!C12 | D18: ='整體指標'!D12 | E18: ='整體指標'!E12
A19: 平均與回報值的差（核對用） | B19: =B17-B18 | C19: =C17-C18 | D19: =D17-D18 | E19: =E17-E18
A21: 數字來源：各模型 best.pt 在驗證集上重新驗證得到的 per-class AP50-95。藍字為輸入數據，黑字為公式，綠字為連到「整體指標」工作表。
A22: v3 欄是舊機器（RTX 3050）訓練的模型，在舊驗證集（152 張 / 834 框）上的結果；其餘三欄是新主機（RTX 4070）訓練的模型，在新驗證集（150 張 / 740 框）上的結果，兩邊驗證集不完全相同，僅供參考。
A23: 「差距」欄橘色標示 ≥ 0.25：同一類別在三組實驗之間擺動很大，代表驗證集太小造成雜訊，單一類別的高低不宜當作模型好壞的證據。
A24: 「各類別平均」應與整體回報值非常接近（差在 0.001 內是四捨五入造成），若差距很大代表有類別漏填。

Sheet 整體指標
A1: 項目 | B1: v3（舊機器） | C1: exp_n_640 | D1: exp_s_640 | E1: exp_n_960
A2: 基礎模型 | B2: yolo11n | C2: yolo11n | D2: yolo11s | E2: yolo11n
A3: imgsz | B3: 640 | C3: 640 | D3: 640 | E3: 960
A4: batch（實際） | B4: 2 | C4: 12 | D4: 16 | E4: 16
A5: batch 來源 | B5: AutoBatch 0.3 | C5: AutoBatch 0.3 | D5: 指定 | E5: 指定
A6: 訓練 GPU | B6: RTX 3050 4GB | C6: RTX 4070 12GB | D6: RTX 4070 12GB | E6: RTX 4070 12GB
A7: 驗證集影像數 | B7: 152 | C7: 150 | D7: 150 | E7: 150
A8: 驗證集標註框數 | B8: 834 | C8: 740 | D8: 740 | E8: 740
A9: Precision | B9: 0.682 | C9: 0.711 | D9: 0.685 | E9: 0.704
A10: Recall | B10: 0.573 | C10: 0.644 | D10: 0.668 | E10: 0.674
A11: mAP50 | B11: 0.6008 | C11: 0.716 | D11: 0.6848 | E11: 0.7155
A12: mAP50-95 | B12: 0.4332 | C12: 0.5245 | D12: 0.5278 | E12: 0.5238
A14: 備註
A15: 整體數字（Precision、Recall、mAP）是各 best.pt 在新驗證集上重新驗證的結果，與訓練時主控台回報的數字差距在 0.001 內。
A16: batch 取自 best.pt 內存的 train_args（args.yaml 只記錄傳入值 0.3，不是實際值）。
A17: v3 的 Precision / Recall / mAP 是在本機用 v3 的 best.pt 對舊驗證集（152 張 / 834 框）重新驗證得到。

Sheet 說明
A1: YOLO 各類別成績整理
A2: 資料與實驗
A3: • 15 類偵測（YOLO11），驗證指標：AP50（IoU 0.5 的平均精確率）與 AP50-95（IoU 0.5 到 0.95 的平均）。
A4: • 對照組：n 640（yolo11n，640）、s 640（yolo11s，640）、n 960（yolo11n，960）；v3 為舊機器的最後一版。
A5: • 三組新實驗使用同一份資料與驗證集（150 張 / 740 框），v3 使用舊驗證集（152 張 / 834 框），兩者不完全相同，原因待查。
A6: 閱讀重點
A7: • 結晶（substance_crystal）與針筒（syringe）相比 v3 明顯進步；香菇（magic_mushroom）沒有進步，仍是最弱的類別之一。
A8: • 同一類別在 n 640、s 640、n 960 之間擺動很大（例如 drug_edible、pills_tablets），驗證集太小，單一類別的差距不能當作證據。
A9: • 進步有一部分可能來自 batch 變大（2 到 12 / 16），這是推論，尚未用 --batch 2 重跑驗證。
A10: 配色
A11: • 藍字：輸入數據；黑字：公式；綠字：連結到其他工作表。
A12: • AP 欄位以紅黃綠色階標示：0 為紅、0.5 為黃、1 為綠。
